484,499,31,478,110,299,183,542,524,666,365,497,677,103,70,669,38,224,164,517
94,634,144,462,465,84,344,444,403,641,261,686,161,83,692,632,61,566,252,669
145,321,104,335,284,503,662,676,47,142,385,337,200,76,388,369,266,492,412,759
578,209,554,172,636,467,551,470,552,100,581,585,590,638,559,115,226,54,564,307
656,197,560,20,2,463,416,34,85,74,483,415,198,335,268,556,639,326,784,561
638,540,327,7,496,292,503,179,105,452,365,421,315,348,150,743,695,420,12,71
210,281,469,630,451,145,72,170,667,406,411,105,431,703,13,633,635,277,606,218
402,131,585,364,51,177,264,254,126,623,139,337,435,263,669,640,236,546,228,525
35,642,91,491,308,227,282,464,155,350,488,306,60,21,380,536,8,181,451,122
693,9,125,572,508,513,436,577,526,563,468,650,687,54,503,628,482,625,649,607
84,590,259,26,530,168,333,285,62,12,367,781,173,502,292,225,305,599,564,389
25,487,513,621,309,6,527,593,436,101,546,51,154,627,19,802,492,200,199,443
226,346,58,413,79,331,47,473,563,372,566,456,502,673,504,177,265,100,484,717
278,189,650,88,689,351,439,131,300,528,188,52,618,37,97,510,83,186,546,281
349,346,681,587,91,683,504,518,266,491,486,356,259,176,241,464,45,796,19,513
231,483,562,522,315,613,470,624,262,475,70,559,36,605,334,102,74,251,215,270
161,167,210,213,86,336,97,23,186,535,530,178,40,155,497,637,769,623,424,509
538,551,503,567,568,30,609,542,606,656,647,634,478,627,610,670,342,553,671,590
451,480,446,577,533,402,607,479,530,313,709,602,432,605,323,550,29,477,457,200
178,231,297,569,204,631,488,642,425,419,281,363,459,492,474,514,130,770,253,324
620,183,247,47,119,617,486,511,575,8,653,458,564,570,740,569,650,649,689,588
573,112,568,103,292,370,312,414,168,446,172,484,192,289,365,649,741,143,531,485
81,396,563,193,457,557,131,89,232,524,171,665,687,13,706,163,458,311,474,669
307,618,547,616,491,557,607,462,507,243,660,139,239,468,668,559,434,374,575,469
16,669,514,202,452,587,262,675,283,546,362,113,680,494,340,483,576,638,235,347
638,629,570,526,502,606,291,470,563,535,674,530,690,184,670,230,495,523,99,520
184,655,508,541,544,552,569,477,625,629,493,673,608,547,606,580,588,404,501,521
580,622,502,511,557,599,528,497,347,589,223,601,577,415,506,473,151,526,690,621
250,311,284,669,225,468,111,163,97,657,147,625,645,15,409,445,307,35,810,69
666,501,551,114,195,264,346,606,75,579,221,312,345,507,226,347,758,652,304,460
586,537,236,366,546,420,165,388,494,60,349,377,588,13,480,746,159,657,602,48
471,149,314,249,136,454,138,375,648,622,423,294,682,17,504,201,14,368,409,614
469,528,590,527,99,643,57,103,29,298,692,537,660,212,272,620,431,633,84,687
5,652,569,594,571,153,317,488,621,560,399,651,600,389,684,618,228,461,648,529
510,558,95,500,661,27,562,335,209,119,515,405,342,665,242,266,586,614,462,419
222,650,692,378,401,659,604,615,375,435,253,44,166,266,564,190,61,2,290,797
183,211,475,302,34,339,333,390,382,666,350,169,294,525,438,410,440,779,281,698
92,634,416,688,381,383,199,65,610,273,697,385,437,601,701,134,776,457,130,125
523,571,257,619,371,608,659,138,604,701,537,584,644,430,565,477,442,683,632,663
156,544,669,0,322,516,683,181,475,536,612,620,610,63,698,409,70,786,677,575
63,517,429,43,613,386,428,419,355,325,437,79,555,147,44,684,158,133,571,780
143,644,50,531,584,498,651,679,133,66,400,159,304,637,247,335,589,446,398,596
508,482,485,548,691,625,594,696,556,515,513,658,500,690,627,649,597,475,506,654
262,627,516,21,186,503,169,108,215,401,197,93,515,377,685,690,425,643,638,71
598,306,676,327,625,365,1,490,194,43,323,121,203,264,485,211,497,366,65,557
89,32,564,253,202,592,158,512,309,678,45,218,520,285,559,536,274,419,446,803
22,553,674,447,294,520,689,350,3,180,521,630,607,373,684,685,727,511,508,143
554,560,371,341,296,548,561,586,288,205,682,574,618,576,488,478,247,641,345,686
64,610,558,614,639,449,315,496,144,512,303,789,453,476,121,599,110,518,524,667
603,505,512,676,663,282,551,226,566,489,648,538,606,550,615,82,553,495,485,633
612,670,516,95,190,522,660,51,201,668,649,687,610,574,405,28,195,505,647,145
25,108,62,185,66,332,665,179,240,353,560,31,281,410,109,39,471,417,773,280
40,379,126,285,304,384,91,144,682,612,633,105,280,102,108,738,502,87,27,481
492,330,269,701,581,117,170,158,319,73,381,563,327,352,661,306,745,338,59,162
210,396,132,477,438,420,250,406,368,17,175,427,242,411,634,305,666,302,82,313
48,174,625,553,422,5,162,274,165,134,546,301,73,238,173,127,192,139,821,518
572,606,526,671,598,534,640,615,628,646,504,688,673,664,655,515,670,672,634,574
189,24,154,491,353,71,107,665,372,371,234,550,623,659,600,23,772,90,513,78
651,177,641,439,111,445,637,647,197,333,626,53,216,320,698,467,644,217,43,752
11,533,608,56,107,444,655,450,217,149,651,188,526,481,497,588,540,287,127,84
643,569,578,657,280,690,51,494,458,56,687,604,524,217,485,577,561,547,426,631
605,435,291,656,188,595,228,104,652,488,690,26,9,692,235,682,640,28,607,592
574,622,645,696,553,548,477,549,679,470,531,218,674,572,233,583,499,675,670,584
46,439,624,637,182,398,551,643,252,254,317,590,392,316,210,213,686,351,465,749
700,467,664,622,688,697,681,589,541,615,123,493,532,680,495,582,684,629,693,695
542,615,640,532,662,681,695,553,700,515,629,543,688,684,644,219,521,597,556,697
269,62,474,198,688,340,258,492,360,75,346,608,73,312,417,273,720,593,641,663
537,642,583,248,473,36,522,16,667,531,571,682,561,692,52,630,538,629,79,298
476,542,649,413,522,633,682,694,505,35,551,565,603,664,156,30,626,600,503,583
261,538,418,360,699,535,243,131,648,494,762,422,55,454,175,500,657,296,333,672
387,269,22,516,288,522,308,102,357,279,92,651,533,431,804,307,126,472,184,604
441,572,98,497,592,142,690,322,414,399,233,514,160,214,79,475,87,596,468,397
120,6,311,524,232,523,339,7,394,667,483,476,244,564,619,177,681,747,192,344
533,371,478,591,388,548,290,17,191,652,620,321,627,644,523,152,430,599,562,628
6,698,635,189,492,135,466,662,403,362,271,323,515,227,428,138,432,172,178,765
295,40,506,207,694,654,534,684,666,278,407,677,535,697,19,509,86,679,170,671
601,337,8,661,598,517,686,399,386,617,222,562,594,539,153,676,646,633,495,176
352,595,97,496,586,243,554,545,92,633,620,69,199,130,546,725,252,636,359,135
521,520,300,527,549,548,659,523,543,620,673,679,487,478,639,592,412,8,628,473
94,559,600,439,264,157,560,237,581,529,616,555,686,270,662,114,565,50,338,426
585,463,565,456,677,598,536,357,423,519,576,10,484,522,521,459,325,255,417,646
580,612,655,595,118,527,427,668,409,384,477,663,127,334,407,707,560,591,370,501
698,74,342,598,617,595,257,626,616,321,613,510,592,559,94,568,146,239,588,516
61,199,39,450,299,271,641,126,550,68,660,734,351,492,639,540,129,174,236,322
0,501,163,536,657,59,596,578,29,302,615,263,81,658,295,75,212,220,667,626
591,385,367,215,624,96,501,216,409,316,411,356,318,635,571,806,182,526,24,262
560,272,507,422,633,394,229,48,632,691,435,93,548,368,603,329,722,265,261,244
579,118,453,263,517,613,531,519,328,135,552,202,115,27,668,761,114,608,588,568
172,297,587,613,343,364,447,308,355,242,22,357,473,522,712,373,599,234,557,519
479,582,544,326,229,244,378,322,345,45,393,32,619,180,581,251,325,555,611,785
377,568,239,380,606,486,406,327,24,529,508,611,187,190,62,519,163,663,44,442
267,49,444,449,375,348,669,408,13,129,254,329,166,245,338,241,793,83,473,358
700,615,674,684,534,618,634,650,680,582,556,672,467,656,693,491,644,589,646,474
429,286,367,37,649,503,147,241,289,72,52,580,602,125,382,483,540,391,690,436
525,293,567,370,20,245,42,274,470,505,167,461,285,621,182,260,273,392,174,314
110,596,32,453,422,240,698,558,595,656,408,2,248,694,541,397,680,161,80,715
601,277,224,353,122,509,257,655,195,292,270,256,354,428,674,599,177,25,721,476
238,461,490,514,256,601,630,408,453,195,167,675,678,519,648,660,545,176,596,572
529,380,564,692,356,662,229,324,127,112,489,525,41,575,645,635,49,560,288,283
482,532,319,71,488,10,426,158,612,262,11,416,186,643,413,471,58,216,469,433
59,15,228,484,136,254,160,360,610,86,165,424,350,422,421,256,37,329,763,390
550,533,139,637,511,675,657,258,426,51,119,480,63,520,424,536,159,626,30,647
122,369,105,360,480,230,628,376,629,331,85,535,516,236,587,581,498,48,219,264
437,602,509,575,198,485,567,425,550,81,291,723,663,127,234,489,519,565,617,171
594,478,469,324,629,580,282,609,442,64,124,452,510,530,386,562,434,654,181,518
333,521,256,443,120,266,694,483,421,250,641,249,455,275,312,815,111,347,365,571
211,196,368,540,624,120,220,472,567,67,207,604,414,284,91,549,750,681,170,248
576,603,471,625,618,607,583,580,552,693,539,544,631,671,488,605,695,528,655,685
589,176,330,380,617,182,183,448,449,232,240,387,108,691,638,128,259,49,672,818
236,89,476,401,305,213,585,542,180,672,166,42,543,472,230,586,427,360,788,578
596,471,339,570,350,356,627,468,569,698,481,500,90,673,412,508,643,538,545,522
603,447,341,557,666,645,383,68,679,591,521,482,287,698,635,487,171,573,93,586
193,203,602,651,368,71,685,55,285,516,110,633,522,597,29,575,122,366,756,156
499,91,487,602,587,73,474,378,663,233,410,554,653,65,142,183,417,20,638,39
485,642,600,397,444,611,67,449,46,375,32,358,691,686,241,558,771,593,417,117
69,661,609,224,529,128,429,274,182,136,137,283,664,537,168,433,221,233,583,801
64,611,36,475,308,612,195,490,250,596,377,623,303,252,574,295,719,441,310,585
557,628,152,504,556,653,691,77,30,580,486,94,248,652,298,516,246,494,467,473
527,427,243,124,650,57,580,400,486,679,602,653,194,153,461,15,608,412,704,502
577,444,641,186,396,482,76,222,28,238,645,477,428,90,402,369,433,614,668,53
577,474,571,619,541,569,495,501,667,585,655,685,497,598,636,650,621,588,506,513
118,342,370,554,519,406,340,622,74,362,166,393,646,283,302,751,83,389,430,396
566,523,393,473,530,579,501,116,6,185,239,76,363,187,611,340,68,407,361,480
145,68,613,289,540,642,244,303,99,630,115,123,675,471,631,790,217,153,501,537
653,582,514,570,450,470,519,153,595,500,201,696,547,639,664,604,616,674,676,608
519,347,673,693,605,405,621,595,205,588,501,552,584,106,583,223,572,471,672,603
31,571,699,647,614,375,685,516,658,494,561,497,77,193,487,581,82,678,513,619
386,10,581,206,494,666,42,657,344,496,169,623,47,458,164,597,88,161,254,663
157,517,362,693,635,461,490,552,601,474,689,579,654,152,690,660,366,618,685,649
687,543,591,493,656,479,628,532,219,688,700,589,632,664,548,680,672,646,644,529
691,647,241,676,456,58,61,87,588,33,490,65,795,398,554,670,14,99,489,544
95,612,135,345,38,218,296,686,457,486,53,545,496,80,718,334,679,459,272,547
578,391,317,271,328,670,545,305,548,683,238,452,235,593,280,401,735,450,643,170
619,679,552,468,263,504,670,671,547,551,568,696,534,463,553,606,701,583,618,530
225,7,584,564,370,37,460,134,181,581,778,354,239,44,531,234,257,472,203,637
613,682,546,223,49,9,21,509,309,537,456,255,423,203,406,792,616,277,443,642
16,603,492,671,493,579,537,619,631,497,648,265,690,85,582,525,675,580,568,607
682,647,320,287,602,41,527,191,227,505,164,144,286,608,437,299,291,160,415,571
268,120,23,113,418,504,415,72,607,162,67,665,701,620,675,260,578,320,438,754
133,421,224,41,164,334,413,316,671,547,408,392,219,87,38,496,601,755,550,137
445,128,593,425,115,66,107,132,578,13,508,382,253,697,208,591,204,491,148,418
601,549,479,538,469,502,476,634,642,683,660,573,673,798,563,434,470,597,583,531
534,383,429,300,326,605,683,162,476,699,189,175,416,67,143,678,647,124,214,479
41,16,587,77,550,664,619,599,413,337,531,622,47,470,774,668,291,157,246,545
487,514,252,378,500,135,310,493,212,496,567,53,265,689,525,221,659,576,675,539
119,207,18,540,32,558,635,651,0,484,273,500,245,521,616,714,212,456,100,274
447,5,198,570,341,14,696,551,541,639,1,597,490,573,562,555,561,579,282,491
535,549,296,505,700,450,31,594,631,653,658,592,652,681,498,481,463,603,528,609
505,384,137,351,178,312,541,196,443,207,59,387,131,190,198,361,677,242,86,280
418,432,250,213,381,489,481,582,496,289,645,440,442,361,113,348,820,117,341,0
212,11,190,587,45,610,101,440,547,596,339,316,593,665,782,352,155,643,699,411
575,495,354,668,617,647,642,689,684,574,511,578,661,524,169,464,576,600,374,140
106,132,683,310,279,221,665,441,167,674,114,666,313,560,744,322,4,466,374,668
320,372,311,225,638,470,3,53,698,637,288,26,150,50,459,174,187,58,777,173
527,490,27,228,662,509,656,181,488,511,554,654,621,18,691,258,191,569,658,273
279,209,115,694,363,451,55,5,129,81,472,678,310,117,730,196,573,148,449,443
70,314,376,247,464,637,263,118,154,11,535,301,677,407,485,499,561,4,339,760
88,627,344,512,480,658,531,331,565,700,452,12,578,174,318,558,89,663,34,384
233,568,625,517,147,52,696,514,20,308,508,24,23,558,185,689,351,255,710,17
680,626,574,117,663,579,701,584,550,602,335,446,401,455,736,540,301,33,373,437
10,619,614,14,487,160,520,451,405,414,372,469,98,692,574,518,507,399,731,137
89,164,40,349,173,306,628,8,518,646,58,31,466,161,510,302,499,659,259,95
488,622,482,597,589,504,655,484,543,553,556,230,541,695,582,532,609,491,656,493
695,640,681,521,700,622,662,532,542,658,680,479,582,556,620,615,557,733,683,318
7,556,700,80,353,151,374,206,154,313,237,92,155,640,766,357,536,393,60,551
304,590,238,309,632,695,633,434,479,563,550,124,669,367,603,103,613,545,448,666
128,379,641,298,602,363,157,269,518,544,237,108,149,596,390,96,787,100,392,101
24,497,148,141,454,204,106,428,218,678,30,570,577,624,275,69,636,267,208,658
586,500,534,478,699,584,484,696,608,87,125,101,601,565,549,482,659,512,679,579
681,652,591,573,693,598,123,482,510,219,553,521,618,501,589,632,475,672,477,644
436,686,523,524,653,206,646,584,90,538,473,680,494,77,667,573,352,499,650,565
63,442,567,483,243,536,566,110,524,599,520,478,156,544,559,229,613,217,332,587
60,359,671,659,194,617,297,439,340,430,294,140,317,611,506,729,525,699,465,211
570,494,670,600,260,662,566,448,402,536,612,270,614,22,175,387,398,711,541,232
557,175,631,609,466,441,454,357,18,382,192,234,537,249,560,38,794,623,493,415
15,277,518,468,665,465,321,535,155,27,473,423,96,22,346,716,359,593,489,438
645,394,680,373,692,537,44,392,4,68,146,544,12,315,566,216,574,654,455,728
576,130,587,660,512,549,571,149,154,107,329,676,448,4,268,569,129,636,168,814
646,10,520,536,635,412,427,555,276,63,81,61,627,614,60,404,337,230,657,670
206,539,184,520,476,191,685,524,534,104,686,697,650,586,514,641,205,194,90,588
666,331,78,425,57,171,319,34,380,220,689,483,605,587,394,490,113,668,111,635
293,191,362,342,523,301,160,69,490,547,364,227,343,124,387,732,49,204,457,202
589,29,591,78,107,319,649,383,600,62,799,509,579,21,545,258,246,678,505,630
326,165,56,410,564,543,592,476,286,614,652,623,299,355,593,660,767,128,525,532
636,200,674,17,33,80,57,5,533,203,46,460,374,399,555,344,518,393,528,699
515,506,523,530,582,471,634,549,479,687,543,542,621,474,577,475,591,609,556,595
140,65,54,594,112,197,325,383,541,129,369,636,639,358,43,433,391,268,502,28
517,253,300,677,364,440,159,214,260,539,133,116,72,196,631,9,226,1,611,397
349,611,136,25,491,105,458,303,318,102,498,299,141,545,426,739,686,348,658,28
193,55,76,664,201,157,513,616,151,295,137,625,109,297,533,617,311,737,80,248
275,487,544,590,411,114,512,143,146,385,507,223,120,534,626,73,3,698,809,209
695,595,485,664,482,404,531,123,577,654,566,697,528,634,583,534,598,184,535,525
509,657,379,626,185,1,617,677,278,313,693,343,26,775,659,16,499,43,567,394
361,420,480,26,472,552,506,492,216,605,179,98,158,496,817,278,498,95,18,225
590,466,289,478,338,489,122,310,575,667,561,594,677,676,506,463,472,558,481,50
604,510,147,474,37,151,169,418,222,630,205,805,507,665,558,683,391,653,664,479
109,499,148,593,390,485,98,584,125,336,97,295,813,208,363,386,565,271,19,629
189,441,259,271,509,563,12,631,78,275,67,423,624,699,293,527,192,764,36,610
9,615,651,276,369,210,214,222,624,594,567,420,629,607,92,359,376,800,513,695
152,695,604,562,682,505,511,672,471,673,605,495,504,685,632,506,539,592,481,603
390,221,484,656,661,629,611,287,472,314,433,93,395,616,812,193,475,304,148,15
492,448,338,379,520,597,286,599,460,249,565,701,677,628,403,503,483,100,33,621
275,460,528,683,487,410,502,284,503,353,645,39,555,208,359,141,819,628,575,21
46,604,220,116,163,240,623,627,595,111,96,142,542,364,783,455,593,689,256,477
434,424,298,693,54,317,505,673,354,578,518,661,486,205,645,642,681,639,152,667
270,319,479,185,361,454,610,277,489,332,348,625,526,354,640,378,136,1,742,85
214,481,486,416,403,116,635,167,94,555,667,539,483,255,498,56,245,638,748,379
694,611,247,82,403,447,3,570,227,330,288,328,672,180,293,636,52,121,665,59
42,676,162,689,445,41,261,83,283,187,284,576,490,469,702,620,507,349,139,653
527,506,106,514,431,555,389,524,481,572,639,621,676,526,661,491,206,498,685,594
407,382,297,626,50,402,517,133,18,597,637,14,504,567,482,696,661,601,499,465
294,260,389,481,496,372,554,622,650,93,126,515,678,619,440,276,328,336,290,278
323,224,656,113,64,395,229,487,34,66,681,563,343,651,341,138,705,529,469,223
64,584,77,608,694,478,475,548,535,528,166,246,493,477,598,630,529,121,515,682
314,400,79,165,204,661,109,98,45,385,300,326,561,539,197,768,269,213,632,134
188,624,231,119,617,303,75,196,336,46,315,554,292,141,419,509,590,215,159,276
581,613,405,55,533,2,371,610,432,78,623,573,708,149,48,655,400,586,23,554
246,533,101,493,498,697,261,561,0,123,472,657,609,235,54,557,669,592,636,687
688,404,693,671,582,542,618,646,495,529,523,553,474,697,597,548,640,634,674,484
381,330,82,355,207,408,208,86,652,316,112,469,562,495,807,209,596,307,421,642
559,549,146,358,532,581,658,674,328,512,367,575,321,636,791,640,150,566,545,257
564,606,480,377,38,462,696,75,552,176,500,530,502,397,570,395,498,576,644,566
179,455,701,103,577,508,331,329,569,696,286,811,244,39,279,202,138,699,538,324
330,694,293,232,231,542,279,620,188,376,36,470,480,199,237,726,72,529,534,172
599,540,701,486,332,104,694,668,543,140,468,404,684,282,498,600,688,522,645,579
605,687,511,388,586,516,604,489,624,510,513,694,616,563,424,691,659,648,519,583
336,539,691,507,540,215,651,647,112,517,493,258,146,585,116,251,499,572,624,653
201,373,366,592,468,3,464,453,194,568,140,309,526,507,88,395,678,171,816,549
700,567,688,546,356,237,388,643,594,242,85,187,585,323,102,527,332,551,514,276
144,318,66,570,654,327,355,6,272,345,600,431,109,132,134,25,808,290,305,251
150,488,267,33,290,512,675,429,700,648,272,643,538,462,699,489,396,145,468,616
654,287,530,687,585,547,56,538,121,511,639,688,74,512,640,609,626,697,648,471
678,445,57,96,675,384,156,430,630,576,585,267,532,231,118,391,35,622,400,84
168,590,11,180,507,546,4,179,35,598,662,2,459,649,713,562,692,320,245,480
510,240,623,20,173,398,358,106,381,517,211,324,132,142,612,200,376,591,753,301
556,265,638,539,573,660,526,679,508,684,334,552,296,671,104,644,532,589,476,543
609,544,7,662,42,607,130,510,19,150,435,615,648,559,654,438,178,680,757,220
70,525,472,486,249,632,637,414,267,701,574,630,343,568,612,395,325,572,141,76
655,580,500,511,631,691,627,562,436,494,543,352,573,572,541,641,515,528,99,503
88,559,495,533,673,652,555,151,306,614,268,724,432,692,251,40,558,235,255,632
